epoch,loss
0,0.002465579346608138
1,0.0010465350953745656
0,267.3702392578125
1,105.26203918457031
2,94.10238647460938
3,101.64654541015625
4,84.38365936279297
5,91.01130676269531
6,82.01338195800781
